-- ==========================================
-- MOCK DATA FOR MARCH 2026 (INDIA REGION)
-- ==========================================

-- Flights Table
CREATE TABLE IF NOT EXISTS flights (
    flight_number TEXT PRIMARY KEY,
    departure TEXT,
    destination TEXT,
    date TEXT,
    time TEXT
);

-- Bookings Table
CREATE TABLE IF NOT EXISTS bookings (
    pnr TEXT PRIMARY KEY
);

-- Passengers Table
CREATE TABLE IF NOT EXISTS passengers (
    id TEXT PRIMARY KEY,
    pnr TEXT,
    flight_number TEXT,
    name TEXT,
    dob TEXT,
    FOREIGN KEY(pnr) REFERENCES bookings(pnr),
    FOREIGN KEY(flight_number) REFERENCES flights(flight_number)
);

-- 1. FLIGHTS TABLE (100 RECORDS)
-- Format: FlightID, Origin, Destination, Date, Time
INSERT OR IGNORE INTO flights VALUES ('6E5137', 'JAI', 'COK', '2026-03-26', '14:10');
INSERT OR IGNORE INTO flights VALUES ('6E5722', 'TRV', 'PNQ', '2026-03-17', '09:15');
INSERT OR IGNORE INTO flights VALUES ('SG1433', 'AMD', 'TRV', '2026-03-24', '03:05');
INSERT OR IGNORE INTO flights VALUES ('6E7327', 'TRV', 'JAI', '2026-03-13', '11:50');
INSERT OR IGNORE INTO flights VALUES ('UK7474', 'IXB', 'PNQ', '2026-03-01', '02:05');
INSERT OR IGNORE INTO flights VALUES ('QP3868', 'LKO', 'HYD', '2026-03-06', '05:15');
INSERT OR IGNORE INTO flights VALUES ('AI8404', 'COK', 'HYD', '2026-03-11', '15:10');
INSERT OR IGNORE INTO flights VALUES ('I53083', 'CCU', 'LKO', '2026-03-11', '02:40');
INSERT OR IGNORE INTO flights VALUES ('QP9423', 'SXR', 'HYD', '2026-03-15', '01:05');
INSERT OR IGNORE INTO flights VALUES ('6E3014', 'IXC', 'BLR', '2026-03-16', '16:00');
INSERT OR IGNORE INTO flights VALUES ('6E7930', 'DEL', 'IXC', '2026-03-07', '18:30');
INSERT OR IGNORE INTO flights VALUES ('QP4209', 'BBI', 'JAI', '2026-03-13', '16:15');
INSERT OR IGNORE INTO flights VALUES ('I56973', 'TRV', 'PNQ', '2026-03-19', '11:45');
INSERT OR IGNORE INTO flights VALUES ('QP8853', 'NAG', 'JAI', '2026-03-31', '04:05');
INSERT OR IGNORE INTO flights VALUES ('SG5210', 'BBI', 'CCU', '2026-03-09', '10:30');
INSERT OR IGNORE INTO flights VALUES ('AI7090', 'BLR', 'NAG', '2026-03-11', '02:55');
INSERT OR IGNORE INTO flights VALUES ('SG8903', 'JAI', 'CCU', '2026-03-07', '08:20');
INSERT OR IGNORE INTO flights VALUES ('I51231', 'VNS', 'SXR', '2026-03-07', '17:10');
INSERT OR IGNORE INTO flights VALUES ('UK4183', 'PNQ', 'MAA', '2026-03-20', '18:30');
INSERT OR IGNORE INTO flights VALUES ('UK1024', 'LKO', 'IXC', '2026-03-20', '06:50');
INSERT OR IGNORE INTO flights VALUES ('6E2090', 'SXR', 'BLR', '2026-03-07', '13:05');
INSERT OR IGNORE INTO flights VALUES ('6E4736', 'GOI', 'BOM', '2026-03-17', '00:15');
INSERT OR IGNORE INTO flights VALUES ('AI7671', 'SXR', 'BBI', '2026-03-17', '08:05');
INSERT OR IGNORE INTO flights VALUES ('6E9972', 'PNQ', 'COK', '2026-03-10', '06:15');
INSERT OR IGNORE INTO flights VALUES ('SG3227', 'BOM', 'BBI', '2026-03-01', '08:15');
INSERT OR IGNORE INTO flights VALUES ('UK2338', 'ATQ', 'LKO', '2026-03-14', '05:40');
INSERT OR IGNORE INTO flights VALUES ('SG9164', 'CCU', 'LKO', '2026-03-12', '12:05');
INSERT OR IGNORE INTO flights VALUES ('I53801', 'IXC', 'BBI', '2026-03-04', '13:55');
INSERT OR IGNORE INTO flights VALUES ('I55412', 'DEL', 'NAG', '2026-03-04', '04:40');
INSERT OR IGNORE INTO flights VALUES ('SG1758', 'JAI', 'CCU', '2026-03-15', '22:45');
INSERT OR IGNORE INTO flights VALUES ('6E9085', 'ATQ', 'IXC', '2026-03-25', '17:20');
INSERT OR IGNORE INTO flights VALUES ('QP2604', 'IXC', 'ATQ', '2026-03-19', '08:05');
INSERT OR IGNORE INTO flights VALUES ('AI5022', 'GOI', 'HYD', '2026-03-09', '09:05');
INSERT OR IGNORE INTO flights VALUES ('SG7557', 'GOI', 'BLR', '2026-03-06', '18:40');
INSERT OR IGNORE INTO flights VALUES ('AI5027', 'HYD', 'VNS', '2026-03-01', '01:55');
INSERT OR IGNORE INTO flights VALUES ('UK8545', 'BLR', 'NAG', '2026-03-02', '15:20');
INSERT OR IGNORE INTO flights VALUES ('QP9475', 'VNS', 'BBI', '2026-03-07', '03:00');
INSERT OR IGNORE INTO flights VALUES ('6E3850', 'SXR', 'LKO', '2026-03-12', '00:15');
INSERT OR IGNORE INTO flights VALUES ('I57024', 'IXC', 'BOM', '2026-03-26', '17:55');
INSERT OR IGNORE INTO flights VALUES ('6E6568', 'PNQ', 'IXC', '2026-03-03', '06:20');
INSERT OR IGNORE INTO flights VALUES ('UK1240', 'TRV', 'BBI', '2026-03-13', '01:30');
INSERT OR IGNORE INTO flights VALUES ('UK3475', 'JAI', 'LKO', '2026-03-08', '18:05');
INSERT OR IGNORE INTO flights VALUES ('QP6010', 'BOM', 'AMD', '2026-03-07', '03:00');
INSERT OR IGNORE INTO flights VALUES ('I59094', 'BBI', 'IXB', '2026-03-18', '01:45');
INSERT OR IGNORE INTO flights VALUES ('I51787', 'VNS', 'GOI', '2026-03-22', '18:10');
INSERT OR IGNORE INTO flights VALUES ('QP3382', 'DEL', 'JAI', '2026-03-28', '13:45');
INSERT OR IGNORE INTO flights VALUES ('AI7838', 'NAG', 'IXB', '2026-03-04', '01:20');
INSERT OR IGNORE INTO flights VALUES ('SG1099', 'TRV', 'MAA', '2026-03-31', '08:50');
INSERT OR IGNORE INTO flights VALUES ('6E3823', 'BOM', 'VNS', '2026-03-11', '17:00');
INSERT OR IGNORE INTO flights VALUES ('UK2180', 'TRV', 'SXR', '2026-03-11', '03:45');
INSERT OR IGNORE INTO flights VALUES ('AI7058', 'SXR', 'IXB', '2026-03-20', '13:20');
INSERT OR IGNORE INTO flights VALUES ('UK5098', 'PNQ', 'IXB', '2026-03-30', '18:50');
INSERT OR IGNORE INTO flights VALUES ('QP1676', 'BBI', 'TRV', '2026-03-04', '01:45');
INSERT OR IGNORE INTO flights VALUES ('QP6765', 'MAA', 'TRV', '2026-03-20', '03:15');
INSERT OR IGNORE INTO flights VALUES ('AI2862', 'NAG', 'ATQ', '2026-03-05', '13:00');
INSERT OR IGNORE INTO flights VALUES ('AI7178', 'MAA', 'BBI', '2026-03-11', '22:50');
INSERT OR IGNORE INTO flights VALUES ('QP4977', 'TRV', 'BOM', '2026-03-16', '02:10');
INSERT OR IGNORE INTO flights VALUES ('AI2780', 'DEL', 'BLR', '2026-03-12', '06:05');
INSERT OR IGNORE INTO flights VALUES ('SG7067', 'HYD', 'GOI', '2026-03-26', '16:55');
INSERT OR IGNORE INTO flights VALUES ('SG1321', 'DEL', 'BBI', '2026-03-23', '20:10');
INSERT OR IGNORE INTO flights VALUES ('I58467', 'IXC', 'NAG', '2026-03-25', '16:30');
INSERT OR IGNORE INTO flights VALUES ('SG1749', 'GOI', 'CCU', '2026-03-08', '07:15');
INSERT OR IGNORE INTO flights VALUES ('I55823', 'BBI', 'IXC', '2026-03-30', '15:40');
INSERT OR IGNORE INTO flights VALUES ('QP1379', 'AMD', 'HYD', '2026-03-02', '13:20');
INSERT OR IGNORE INTO flights VALUES ('UK3810', 'HYD', 'LKO', '2026-03-01', '10:50');
INSERT OR IGNORE INTO flights VALUES ('UK7252', 'NAG', 'VNS', '2026-03-09', '07:00');
INSERT OR IGNORE INTO flights VALUES ('AI5080', 'NAG', 'BOM', '2026-03-09', '11:10');
INSERT OR IGNORE INTO flights VALUES ('UK7183', 'ATQ', 'IXB', '2026-03-30', '12:15');
INSERT OR IGNORE INTO flights VALUES ('QP3062', 'AMD', 'BLR', '2026-03-28', '15:40');
INSERT OR IGNORE INTO flights VALUES ('6E1510', 'VNS', 'BOM', '2026-03-14', '21:00');
INSERT OR IGNORE INTO flights VALUES ('6E3926', 'BBI', 'PNQ', '2026-03-04', '19:40');
INSERT OR IGNORE INTO flights VALUES ('AI4642', 'AMD', 'DEL', '2026-03-01', '16:40');
INSERT OR IGNORE INTO flights VALUES ('AI5078', 'LKO', 'GOI', '2026-03-11', '22:05');
INSERT OR IGNORE INTO flights VALUES ('6E4436', 'COK', 'MAA', '2026-03-07', '12:05');
INSERT OR IGNORE INTO flights VALUES ('6E1062', 'MAA', 'BLR', '2026-03-12', '09:55');
INSERT OR IGNORE INTO flights VALUES ('UK1156', 'ATQ', 'DEL', '2026-03-11', '02:20');
INSERT OR IGNORE INTO flights VALUES ('AI5445', 'DEL', 'SXR', '2026-03-03', '05:10');
INSERT OR IGNORE INTO flights VALUES ('6E1072', 'BLR', 'IXB', '2026-03-14', '05:05');
INSERT OR IGNORE INTO flights VALUES ('QP4946', 'CCU', 'COK', '2026-03-17', '10:50');
INSERT OR IGNORE INTO flights VALUES ('SG1370', 'ATQ', 'HYD', '2026-03-17', '16:00');
INSERT OR IGNORE INTO flights VALUES ('I55051', 'NAG', 'IXB', '2026-03-14', '12:05');
INSERT OR IGNORE INTO flights VALUES ('6E1653', 'IXC', 'PNQ', '2026-03-23', '07:50');
INSERT OR IGNORE INTO flights VALUES ('AI5592', 'BLR', 'NAG', '2026-03-28', '04:20');
INSERT OR IGNORE INTO flights VALUES ('6E5270', 'LKO', 'JAI', '2026-03-08', '08:15');
INSERT OR IGNORE INTO flights VALUES ('AI1060', 'ATQ', 'DEL', '2026-03-15', '18:50');
INSERT OR IGNORE INTO flights VALUES ('AI3529', 'CCU', 'SXR', '2026-03-18', '21:50');
INSERT OR IGNORE INTO flights VALUES ('AI2246', 'IXB', 'MAA', '2026-03-17', '14:00');
INSERT OR IGNORE INTO flights VALUES ('SG8442', 'BBI', 'GOI', '2026-03-25', '20:55');
INSERT OR IGNORE INTO flights VALUES ('QP7876', 'CCU', 'BLR', '2026-03-01', '07:55');
INSERT OR IGNORE INTO flights VALUES ('UK2139', 'LKO', 'NAG', '2026-03-13', '09:00');
INSERT OR IGNORE INTO flights VALUES ('SG6623', 'IXB', 'BBI', '2026-03-02', '15:50');
INSERT OR IGNORE INTO flights VALUES ('6E5370', 'ATQ', 'COK', '2026-03-08', '09:55');
INSERT OR IGNORE INTO flights VALUES ('UK7340', 'IXC', 'BBI', '2026-03-04', '08:55');
INSERT OR IGNORE INTO flights VALUES ('QP3827', 'DEL', 'NAG', '2026-03-28', '05:50');
INSERT OR IGNORE INTO flights VALUES ('I53011', 'SXR', 'IXB', '2026-03-21', '00:10');
INSERT OR IGNORE INTO flights VALUES ('AI3717', 'GOI', 'ATQ', '2026-03-27', '06:55');
INSERT OR IGNORE INTO flights VALUES ('SG9432', 'BOM', 'PNQ', '2026-03-26', '19:00');
INSERT OR IGNORE INTO flights VALUES ('6E7181', 'BLR', 'CCU', '2026-03-22', '09:30');
INSERT OR IGNORE INTO flights VALUES ('SG3357', 'ATQ', 'HYD', '2026-03-23', '10:00');
INSERT OR IGNORE INTO flights VALUES ('AI1810', 'PNQ', 'DEL', '2026-03-22', '18:15');

-- 2. BOOKINGS TABLE (100 UNIQUE PNRS)
INSERT OR IGNORE INTO bookings VALUES ('KC2F3H'); INSERT OR IGNORE INTO bookings VALUES ('T5SD1O'); INSERT OR IGNORE INTO bookings VALUES ('1GHKTA');
INSERT OR IGNORE INTO bookings VALUES ('4LAB2L'); INSERT OR IGNORE INTO bookings VALUES ('78CBRR'); INSERT OR IGNORE INTO bookings VALUES ('HZ0RJG');
INSERT OR IGNORE INTO bookings VALUES ('PD5YEG'); INSERT OR IGNORE INTO bookings VALUES ('DVHKGU'); INSERT OR IGNORE INTO bookings VALUES ('GPAR5Y');
INSERT OR IGNORE INTO bookings VALUES ('X573F7'); INSERT OR IGNORE INTO bookings VALUES ('WMX5VD'); INSERT OR IGNORE INTO bookings VALUES ('4IXV6Y');
INSERT OR IGNORE INTO bookings VALUES ('I34CJ5'); INSERT OR IGNORE INTO bookings VALUES ('QQBAPN'); INSERT OR IGNORE INTO bookings VALUES ('84OYIT');
INSERT OR IGNORE INTO bookings VALUES ('33QE8X'); INSERT OR IGNORE INTO bookings VALUES ('GOEI6J'); INSERT OR IGNORE INTO bookings VALUES ('BCLURW');
INSERT OR IGNORE INTO bookings VALUES ('N08CK6'); INSERT OR IGNORE INTO bookings VALUES ('NTTHZO'); INSERT OR IGNORE INTO bookings VALUES ('A1225S');
INSERT OR IGNORE INTO bookings VALUES ('FUQ8TN'); INSERT OR IGNORE INTO bookings VALUES ('UA3B4Z'); INSERT OR IGNORE INTO bookings VALUES ('SX94F8');
INSERT OR IGNORE INTO bookings VALUES ('NQY1G3'); INSERT OR IGNORE INTO bookings VALUES ('JTK71W'); INSERT OR IGNORE INTO bookings VALUES ('CLBK22');
INSERT OR IGNORE INTO bookings VALUES ('63RNC4'); INSERT OR IGNORE INTO bookings VALUES ('PHQJ5G'); INSERT OR IGNORE INTO bookings VALUES ('PISS1G');
INSERT OR IGNORE INTO bookings VALUES ('8IPO48'); INSERT OR IGNORE INTO bookings VALUES ('O1FTC2'); INSERT OR IGNORE INTO bookings VALUES ('1P6Y66');
INSERT OR IGNORE INTO bookings VALUES ('XB715N'); INSERT OR IGNORE INTO bookings VALUES ('Y36VH5'); INSERT OR IGNORE INTO bookings VALUES ('03KSTJ');
INSERT OR IGNORE INTO bookings VALUES ('K6V0HU'); INSERT OR IGNORE INTO bookings VALUES ('ACC6S7'); INSERT OR IGNORE INTO bookings VALUES ('OU2V43');
INSERT OR IGNORE INTO bookings VALUES ('K5YA0U'); INSERT OR IGNORE INTO bookings VALUES ('SBR5WD'); INSERT OR IGNORE INTO bookings VALUES ('0AFBM8');
INSERT OR IGNORE INTO bookings VALUES ('7ZDOZ2'); INSERT OR IGNORE INTO bookings VALUES ('YNMGL0'); INSERT OR IGNORE INTO bookings VALUES ('WH01I8');
INSERT OR IGNORE INTO bookings VALUES ('UGGN60'); INSERT OR IGNORE INTO bookings VALUES ('1X2I52'); INSERT OR IGNORE INTO bookings VALUES ('QTS62G');
INSERT OR IGNORE INTO bookings VALUES ('KTEWUU'); INSERT OR IGNORE INTO bookings VALUES ('WUYBS1'); INSERT OR IGNORE INTO bookings VALUES ('NE7DVI');
INSERT OR IGNORE INTO bookings VALUES ('GN7TTK'); INSERT OR IGNORE INTO bookings VALUES ('QO20SQ'); INSERT OR IGNORE INTO bookings VALUES ('VM20IZ');
INSERT OR IGNORE INTO bookings VALUES ('Y4LTJM'); INSERT OR IGNORE INTO bookings VALUES ('BIOXGQ'); INSERT OR IGNORE INTO bookings VALUES ('VJCIX8');
INSERT OR IGNORE INTO bookings VALUES ('BM846S'); INSERT OR IGNORE INTO bookings VALUES ('IBNZAE'); INSERT OR IGNORE INTO bookings VALUES ('KMDPWZ');
INSERT OR IGNORE INTO bookings VALUES ('9SOAY3'); INSERT OR IGNORE INTO bookings VALUES ('ZJUPNL'); INSERT OR IGNORE INTO bookings VALUES ('JRYJH1');
INSERT OR IGNORE INTO bookings VALUES ('HHHT1C'); INSERT OR IGNORE INTO bookings VALUES ('VYVY8B'); INSERT OR IGNORE INTO bookings VALUES ('MR82NE');
INSERT OR IGNORE INTO bookings VALUES ('MT2ZA3'); INSERT OR IGNORE INTO bookings VALUES ('W8B59K'); INSERT OR IGNORE INTO bookings VALUES ('BZ4AG7');
INSERT OR IGNORE INTO bookings VALUES ('52ELH1'); INSERT OR IGNORE INTO bookings VALUES ('R69JEP'); INSERT OR IGNORE INTO bookings VALUES ('IV2MUW');
INSERT OR IGNORE INTO bookings VALUES ('RI900O'); INSERT OR IGNORE INTO bookings VALUES ('6UVJ44'); INSERT OR IGNORE INTO bookings VALUES ('G114MM');
INSERT OR IGNORE INTO bookings VALUES ('PRMIY0'); INSERT OR IGNORE INTO bookings VALUES ('QCPYZ8'); INSERT OR IGNORE INTO bookings VALUES ('XTI4SO');
INSERT OR IGNORE INTO bookings VALUES ('DVL6CD'); INSERT OR IGNORE INTO bookings VALUES ('IJTJZX'); INSERT OR IGNORE INTO bookings VALUES ('DPJ59E');
INSERT OR IGNORE INTO bookings VALUES ('M8SY3K'); INSERT OR IGNORE INTO bookings VALUES ('R51B8P'); INSERT OR IGNORE INTO bookings VALUES ('90PSAE');
INSERT OR IGNORE INTO bookings VALUES ('JM5W4N'); INSERT OR IGNORE INTO bookings VALUES ('R2FDI0'); INSERT OR IGNORE INTO bookings VALUES ('74XZBF');
INSERT OR IGNORE INTO bookings VALUES ('GLW1LI'); INSERT OR IGNORE INTO bookings VALUES ('28BKU1'); INSERT OR IGNORE INTO bookings VALUES ('8RJMX6');
INSERT OR IGNORE INTO bookings VALUES ('8OTIMK'); INSERT OR IGNORE INTO bookings VALUES ('5IEZ79'); INSERT OR IGNORE INTO bookings VALUES ('KMYKLF');
INSERT OR IGNORE INTO bookings VALUES ('RM6ZPN'); INSERT OR IGNORE INTO bookings VALUES ('C118PB'); INSERT OR IGNORE INTO bookings VALUES ('A2Q2S5');
INSERT OR IGNORE INTO bookings VALUES ('V96TXQ'); INSERT OR IGNORE INTO bookings VALUES ('BPC02E'); INSERT OR IGNORE INTO bookings VALUES ('F85NGU');
INSERT OR IGNORE INTO bookings VALUES ('X8CJAQ');

-- 3. PASSENGERS TABLE (SAMPLES FROM 200+ GENERATED RECORDS)
-- Linked to PNRs and Flights above
INSERT OR IGNORE INTO passengers VALUES ('PAX100', 'KC2F3H', 'QP2604', 'Mukesh Ambani', '2010-04-08');
INSERT OR IGNORE INTO passengers VALUES ('PAX101', 'T5SD1O', 'AI5445', 'Ganesh Kulkarni', '2011-05-11');
INSERT OR IGNORE INTO passengers VALUES ('PAX102', '1GHKTA', 'UK4183', 'Hritik Roshan', '2007-05-20');
INSERT OR IGNORE INTO passengers VALUES ('PAX103', '4LAB2L', 'SG1321', 'Ananya Iyer', '1996-05-08');
INSERT OR IGNORE INTO passengers VALUES ('PAX104', '4LAB2L', 'SG1321', 'Satya Nadella', '1987-10-11');
INSERT OR IGNORE INTO passengers VALUES ('PAX105', '4LAB2L', 'SG1321', 'Pavan Palve', '2012-02-19');
INSERT OR IGNORE INTO passengers VALUES ('PAX106', '78CBRR', 'AI2780', 'Ayushmann Khurrana', '1965-03-07');
INSERT OR IGNORE INTO passengers VALUES ('PAX107', 'HZ0RJG', 'QP3062', 'Ayushmann Khurrana', '1971-09-05');
INSERT OR IGNORE INTO passengers VALUES ('PAX131', 'SX94F8', 'AI1060', 'Pavan Palve', '1978-01-15');
INSERT OR IGNORE INTO passengers VALUES ('PAX145', '03KSTJ', 'SG1758', 'Katrina Kaif', '1980-02-16');
INSERT OR IGNORE INTO passengers VALUES ('PAX174', 'BM846S', 'I55412', 'Pavan Palve', '1986-12-01');
INSERT OR IGNORE INTO passengers VALUES ('PAX180', 'JRYJH1', 'SG7557', 'Pavan Palve', '1971-10-22');
INSERT OR IGNORE INTO passengers VALUES ('PAX198', 'G114MM', 'AI7838', 'Shah Rukh Khan', '1965-08-27');
INSERT OR IGNORE INTO passengers VALUES ('PAX211', 'KMYKLF', 'AI8404', 'Kiara Advani', '1981-08-20');
INSERT OR IGNORE INTO passengers VALUES ('PAX212', 'PISS1G', 'UK2139', 'Siddharth Malhotra', '1989-06-14');
INSERT OR IGNORE INTO passengers VALUES ('PAX213', 'X573F7', 'QP7876', 'Ganesh Kulkarni', '1971-06-14');
INSERT OR IGNORE INTO passengers VALUES ('PAX214', 'PD5YEG', 'AI7838', 'Anushka Sharma', '1993-12-06');
INSERT OR IGNORE INTO passengers VALUES ('PAX215', 'QQBAPN', 'SG1099', 'Sunita Williams', '1989-01-03');
INSERT OR IGNORE INTO passengers VALUES ('PAX216', 'UGGN60', 'UK1240', 'Pranav Deshmukh', '1973-05-28');
INSERT OR IGNORE INTO passengers VALUES ('PAX217', 'KC2F3H', 'I53801', 'Vikram Rathore', '1984-03-21');
INSERT OR IGNORE INTO passengers VALUES ('PAX218', 'O1FTC2', 'AI1060', 'Aamir Khan', '1975-07-12');
INSERT OR IGNORE INTO passengers VALUES ('PAX219', 'PHQJ5G', 'AI3529', 'Ishaan Malhotra', '2006-06-16');
INSERT OR IGNORE INTO passengers VALUES ('PAX220', '63RNC4', 'SG6623', 'Hritik Roshan', '1972-04-06');
INSERT OR IGNORE INTO passengers VALUES ('PAX221', 'G114MM', 'I55412', 'Katrina Kaif', '1970-01-04');
INSERT OR IGNORE INTO passengers VALUES ('PAX222', 'NTTHZO', '6E3823', 'KL Rahul', '1998-01-06');
INSERT OR IGNORE INTO passengers VALUES ('PAX223', 'O1FTC2', 'QP3382', 'Vikram Rathore', '1994-09-19');
INSERT OR IGNORE INTO passengers VALUES ('PAX224', 'C118PB', 'UK7340', 'Sushant Singh', '1984-03-16');
INSERT OR IGNORE INTO passengers VALUES ('PAX225', '52ELH1', '6E4736', 'Kavita Reddy', '1993-01-25');
INSERT OR IGNORE INTO passengers VALUES ('PAX226', 'F85NGU', '6E2090', 'Arjun Gupta', '2010-04-09');
INSERT OR IGNORE INTO passengers VALUES ('PAX227', 'R2FDI0', '6E1653', 'Vikram Rathore', '2009-12-02');
INSERT OR IGNORE INTO passengers VALUES ('PAX228', 'QO20SQ', 'SG7557', 'Aarav Sharma', '2007-04-27');
INSERT OR IGNORE INTO passengers VALUES ('PAX229', 'BIOXGQ', '6E5722', 'Kareena Kapoor', '1997-04-17');
INSERT OR IGNORE INTO passengers VALUES ('PAX230', 'ACC6S7', 'QP6765', 'Siddharth Malhotra', '1978-04-17');
INSERT OR IGNORE INTO passengers VALUES ('PAX231', '28BKU1', '6E3823', 'Ishaan Malhotra', '2010-09-21');
INSERT OR IGNORE INTO passengers VALUES ('PAX232', 'FUQ8TN', 'AI5022', 'Sneha Pillai', '1992-10-06');
INSERT OR IGNORE INTO passengers VALUES ('PAX233', 'GLW1LI', 'UK3810', 'Virat Kohli', '1992-08-14');
INSERT OR IGNORE INTO passengers VALUES ('PAX234', 'X573F7', 'UK3810', 'Satya Nadella', '2008-03-14');
INSERT OR IGNORE INTO passengers VALUES ('PAX235', '1P6Y66', '6E1072', 'Ganesh Kulkarni', '1979-10-03');
INSERT OR IGNORE INTO passengers VALUES ('PAX236', '52ELH1', 'QP3827', 'Vicky Kaushal', '1979-12-01');
INSERT OR IGNORE INTO passengers VALUES ('PAX237', 'X8CJAQ', '6E9972', 'Ayushmann Khurrana', '2010-05-23');
INSERT OR IGNORE INTO passengers VALUES ('PAX238', 'O1FTC2', 'SG1370', 'Rahul Mukherjee', '2006-06-03');
INSERT OR IGNORE INTO passengers VALUES ('PAX239', 'WMX5VD', 'I51787', 'Hritik Roshan', '1981-02-18');
INSERT OR IGNORE INTO passengers VALUES ('PAX240', 'VJCIX8', 'I55051', 'Jasprit Bumrah', '1979-02-02');
INSERT OR IGNORE INTO passengers VALUES ('PAX241', 'RI900O', 'I57024', 'Pooja Hegde', '1970-10-08');
INSERT OR IGNORE INTO passengers VALUES ('PAX242', '03KSTJ', 'I57024', 'Katrina Kaif', '2007-06-19');
INSERT OR IGNORE INTO passengers VALUES ('PAX243', 'QQBAPN', 'AI2862', 'Aarav Sharma', '1979-01-05');
INSERT OR IGNORE INTO passengers VALUES ('PAX244', 'WUYBS1', 'UK8545', 'Sundar Pichai', '2007-10-25');
INSERT OR IGNORE INTO passengers VALUES ('PAX245', 'BZ4AG7', 'UK8545', 'Kiara Advani', '1995-12-03');
INSERT OR IGNORE INTO passengers VALUES ('PAX246', '4IXV6Y', 'SG7557', 'Hritik Roshan', '1994-07-20');
INSERT OR IGNORE INTO passengers VALUES ('PAX247', 'RM6ZPN', 'SG9432', 'Aarav Sharma', '1974-04-14');
INSERT OR IGNORE INTO passengers VALUES ('PAX248', '9SOAY3', 'AI3529', 'Sara Ali Khan', '2001-02-14');
INSERT OR IGNORE INTO passengers VALUES ('PAX249', 'QO20SQ', 'AI5078', 'Riya Sen', '1985-12-07');
INSERT OR IGNORE INTO passengers VALUES ('PAX250', 'DPJ59E', 'I59094', 'Katrina Kaif', '2009-01-02');
INSERT OR IGNORE INTO passengers VALUES ('PAX251', 'RI900O', 'QP3382', 'Virat Kohli', '2004-12-10');
INSERT OR IGNORE INTO passengers VALUES ('PAX252', 'OU2V43', 'AI3717', 'Deepak Verma', '1983-02-23');
INSERT OR IGNORE INTO passengers VALUES ('PAX253', 'KMDPWZ', 'I53011', 'Alia Bhatt', '1979-11-17');
INSERT OR IGNORE INTO passengers VALUES ('PAX254', 'SBR5WD', 'I59094', 'Vicky Kaushal', '1971-07-06');
INSERT OR IGNORE INTO passengers VALUES ('PAX255', 'PHQJ5G', 'UK3475', 'Divya Nair', '2000-08-05');
INSERT OR IGNORE INTO passengers VALUES ('PAX256', '03KSTJ', 'AI7090', 'Sara Ali Khan', '1973-11-02');
INSERT OR IGNORE INTO passengers VALUES ('PAX257', 'VYVY8B', 'UK2338', 'Ratan Tata', '1999-10-06');
INSERT OR IGNORE INTO passengers VALUES ('PAX258', 'VYVY8B', 'UK3810', 'Aarav Sharma', '1994-04-22');
INSERT OR IGNORE INTO passengers VALUES ('PAX259', 'N08CK6', 'QP7876', 'Sanjay Bhat', '1987-03-25');
INSERT OR IGNORE INTO passengers VALUES ('PAX260', 'WH01I8', 'AI1810', 'Virat Kohli', '1978-11-05');
INSERT OR IGNORE INTO passengers VALUES ('PAX261', 'JRYJH1', '6E5722', 'Rahul Mukherjee', '1999-11-04');
INSERT OR IGNORE INTO passengers VALUES ('PAX262', 'KMYKLF', 'UK2180', 'Neha Kapoor', '2006-05-13');
INSERT OR IGNORE INTO passengers VALUES ('PAX263', 'GPAR5Y', 'UK1156', 'Manish Joshi', '2010-12-25');
INSERT OR IGNORE INTO passengers VALUES ('PAX264', 'F85NGU', 'I53801', 'Satya Nadella', '1975-06-10');
INSERT OR IGNORE INTO passengers VALUES ('PAX265', 'PHQJ5G', 'UK4183', 'Ishaan Malhotra', '1987-09-22');
INSERT OR IGNORE INTO passengers VALUES ('PAX266', '1GHKTA', 'AI3529', 'Vikram Rathore', '2007-05-25');
INSERT OR IGNORE INTO passengers VALUES ('PAX267', 'ACC6S7', 'QP2604', 'Shah Rukh Khan', '1986-08-27');
INSERT OR IGNORE INTO passengers VALUES ('PAX268', 'R51B8P', 'UK3810', 'Pooja Hegde', '2001-06-04');
INSERT OR IGNORE INTO passengers VALUES ('PAX269', 'GOEI6J', '6E4436', 'Satya Nadella', '1988-08-25');
INSERT OR IGNORE INTO passengers VALUES ('PAX270', 'KTEWUU', 'AI5080', 'Divya Nair', '1998-09-13');
INSERT OR IGNORE INTO passengers VALUES ('PAX271', 'HHHT1C', '6E3926', 'Aditi Rao', '2001-05-26');
INSERT OR IGNORE INTO passengers VALUES ('PAX272', 'BCLURW', 'QP6010', 'Sundar Pichai', '2002-03-10');
INSERT OR IGNORE INTO passengers VALUES ('PAX273', 'JTK71W', 'SG5210', 'Deepika Padukone', '1987-03-08');
INSERT OR IGNORE INTO passengers VALUES ('PAX274', 'QQBAPN', 'UK1024', 'Vikram Rathore', '1989-09-10');
INSERT OR IGNORE INTO passengers VALUES ('PAX275', 'R69JEP', 'UK3475', 'Divya Nair', '1978-09-08');
INSERT OR IGNORE INTO passengers VALUES ('PAX276', 'JRYJH1', 'AI2246', 'Jasprit Bumrah', '2007-07-26');
INSERT OR IGNORE INTO passengers VALUES ('PAX277', 'R2FDI0', 'AI7178', 'Shah Rukh Khan', '2007-09-11');
INSERT OR IGNORE INTO passengers VALUES ('PAX278', 'ZJUPNL', 'UK7474', 'Shah Rukh Khan', '1975-03-12');
INSERT OR IGNORE INTO passengers VALUES ('PAX279', 'JRYJH1', 'QP8853', 'Katrina Kaif', '2002-01-03');
INSERT OR IGNORE INTO passengers VALUES ('PAX280', '52ELH1', '6E3014', 'Aamir Khan', '1991-11-13');
INSERT OR IGNORE INTO passengers VALUES ('PAX281', 'PRMIY0', 'QP4977', 'Pranav Deshmukh', '1985-10-08');
INSERT OR IGNORE INTO passengers VALUES ('PAX282', 'SBR5WD', 'AI5080', 'Aamir Khan', '1988-06-24');
INSERT OR IGNORE INTO passengers VALUES ('PAX283', 'A2Q2S5', 'UK2180', 'Kiara Advani', '1995-12-02');
INSERT OR IGNORE INTO passengers VALUES ('PAX284', 'UGGN60', 'AI2246', 'Ganesh Kulkarni', '1974-12-26');
INSERT OR IGNORE INTO passengers VALUES ('PAX285', 'PRMIY0', 'SG1370', 'Vikram Rathore', '1988-11-14');
INSERT OR IGNORE INTO passengers VALUES ('PAX286', 'WH01I8', 'QP9475', 'Ishaan Malhotra', '2009-06-09');
INSERT OR IGNORE INTO passengers VALUES ('PAX287', '78CBRR', 'AI4642', 'Aarav Sharma', '1999-09-09');
INSERT OR IGNORE INTO passengers VALUES ('PAX288', 'PD5YEG', 'SG7067', 'Katrina Kaif', '1984-08-02');
INSERT OR IGNORE INTO passengers VALUES ('PAX289', 'W8B59K', 'I58467', 'Pooja Hegde', '1986-10-01');
INSERT OR IGNORE INTO passengers VALUES ('PAX290', 'DVHKGU', 'QP4946', 'Ratan Tata', '1972-12-02');
INSERT OR IGNORE INTO passengers VALUES ('PAX291', 'K6V0HU', 'I57024', 'Rohit Sharma', '2006-08-13');
INSERT OR IGNORE INTO passengers VALUES ('PAX292', 'K6V0HU', '6E4736', 'Satya Nadella', '1987-01-20');
INSERT OR IGNORE INTO passengers VALUES ('PAX293', 'G114MM', '6E3926', 'Kavita Reddy', '1979-11-19');
INSERT OR IGNORE INTO passengers VALUES ('PAX294', '63RNC4', 'SG1321', 'Deepika Padukone', '1988-06-28');
INSERT OR IGNORE INTO passengers VALUES ('PAX295', '33QE8X', '6E7327', 'Kiara Advani', '2005-05-22');
INSERT OR IGNORE INTO passengers VALUES ('PAX296', 'XTI4SO', 'AI2246', 'Neha Kapoor', '1990-11-07');
INSERT OR IGNORE INTO passengers VALUES ('PAX297', '63RNC4', 'UK8545', 'Anushka Sharma', '1982-06-11');
INSERT OR IGNORE INTO passengers VALUES ('PAX298', 'XTI4SO', 'AI3529', 'Deepak Verma', '1970-12-18');
INSERT OR IGNORE INTO passengers VALUES ('PAX299', 'GPAR5Y', 'AI2246', 'Siddharth Malhotra', '1977-04-03');
INSERT OR IGNORE INTO passengers VALUES ('PAX300', 'BCLURW', 'AI1060', 'Deepika Padukone', '1982-07-26');
INSERT OR IGNORE INTO passengers VALUES ('PAX301', 'YNMGL0', 'SG3227', 'Rahul Mukherjee', '1981-11-22');
INSERT OR IGNORE INTO passengers VALUES ('PAX302', 'WMX5VD', 'QP4946', 'Kartik Aaryan', '1999-07-24');
INSERT OR IGNORE INTO passengers VALUES ('PAX303', 'NTTHZO', '6E5370', 'Vicky Kaushal', '1993-12-22');
INSERT OR IGNORE INTO passengers VALUES ('PAX304', 'GLW1LI', 'QP3382', 'Pranav Deshmukh', '1997-01-12');
INSERT OR IGNORE INTO passengers VALUES ('PAX305', 'ZJUPNL', 'AI5022', 'Aarav Sharma', '1973-10-06');
INSERT OR IGNORE INTO passengers VALUES ('PAX306', 'IBNZAE', 'SG8903', 'Kiara Advani', '1996-08-08');
INSERT OR IGNORE INTO passengers VALUES ('PAX307', 'M8SY3K', 'QP3382', 'Vicky Kaushal', '1983-11-06');
INSERT OR IGNORE INTO passengers VALUES ('PAX308', '8IPO48', '6E6568', 'Vicky Kaushal', '2004-01-11');
INSERT OR IGNORE INTO passengers VALUES ('PAX309', 'GOEI6J', 'QP3868', 'Anushka Sharma', '1972-03-11');
INSERT OR IGNORE INTO passengers VALUES ('PAX310', 'V96TXQ', 'AI4642', 'Zoya Khan', '2008-05-24');
INSERT OR IGNORE INTO passengers VALUES ('PAX311', 'WUYBS1', 'SG9432', 'Shah Rukh Khan', '1998-12-06');
INSERT OR IGNORE INTO passengers VALUES ('PAX312', 'XTI4SO', 'QP3382', 'Siddharth Malhotra', '1975-02-12');
INSERT OR IGNORE INTO passengers VALUES ('PAX313', 'NE7DVI', 'UK1240', 'Ranbir Kapoor', '1991-11-21');
INSERT OR IGNORE INTO passengers VALUES ('PAX314', '28BKU1', 'I53083', 'Sneha Pillai', '1971-03-12');
INSERT OR IGNORE INTO passengers VALUES ('PAX315', '28BKU1', 'QP3868', 'Salman Khan', '2003-03-27');
INSERT OR IGNORE INTO passengers VALUES ('PAX316', 'R69JEP', 'UK2180', 'Kiara Advani', '2002-10-12');
INSERT OR IGNORE INTO passengers VALUES ('PAX317', 'DVL6CD', 'I53083', 'Mukesh Ambani', '1974-01-18');
INSERT OR IGNORE INTO passengers VALUES ('PAX318', 'WH01I8', '6E9085', 'Virat Kohli', '1998-08-02');
INSERT OR IGNORE INTO passengers VALUES ('PAX319', 'Y36VH5', 'QP6765', 'Deepika Padukone', '2004-08-06');
INSERT OR IGNORE INTO passengers VALUES ('PAX320', 'V96TXQ', 'I55823', 'Kavita Reddy', '1990-09-28');
INSERT OR IGNORE INTO passengers VALUES ('PAX321', 'IBNZAE', 'I58467', 'Virat Kohli', '1999-08-15');
INSERT OR IGNORE INTO passengers VALUES ('PAX322', '7ZDOZ2', 'SG1370', 'Mukesh Ambani', '1996-07-15');
INSERT OR IGNORE INTO passengers VALUES ('PAX323', 'PRMIY0', 'I56973', 'Aishwarya Rai', '1994-04-14');
INSERT OR IGNORE INTO passengers VALUES ('PAX324', 'PD5YEG', 'UK1156', 'Divya Nair', '1982-10-15');
INSERT OR IGNORE INTO passengers VALUES ('PAX325', '4LAB2L', '6E3823', 'Deepika Padukone', '1974-05-10');
INSERT OR IGNORE INTO passengers VALUES ('PAX326', 'BZ4AG7', 'SG5210', 'Vicky Kaushal', '2009-04-02');
INSERT OR IGNORE INTO passengers VALUES ('PAX327', '33QE8X', 'I53011', 'Kavita Reddy', '1974-05-04');
INSERT OR IGNORE INTO passengers VALUES ('PAX328', '0AFBM8', 'AI2246', 'Priyanka Chopra', '2010-05-08');
INSERT OR IGNORE INTO passengers VALUES ('PAX329', 'BIOXGQ', 'QP3827', 'Sushant Singh', '1971-05-18');
INSERT OR IGNORE INTO passengers VALUES ('PAX330', '63RNC4', 'AI8404', 'Ayushmann Khurrana', '1987-03-25');
INSERT OR IGNORE INTO passengers VALUES ('PAX331', 'NE7DVI', 'AI7178', 'Ranbir Kapoor', '2003-04-14');
INSERT OR IGNORE INTO passengers VALUES ('PAX332', 'SX94F8', 'AI7671', 'Aishwarya Rai', '1988-03-08');
INSERT OR IGNORE INTO passengers VALUES ('PAX333', '8OTIMK', 'SG8442', 'Deepak Verma', '2003-08-13');
INSERT OR IGNORE INTO passengers VALUES ('PAX334', 'SBR5WD', '6E7327', 'Ayushmann Khurrana', '1973-09-08');
INSERT OR IGNORE INTO passengers VALUES ('PAX335', 'NE7DVI', '6E5270', 'Virat Kohli', '1980-10-18');
INSERT OR IGNORE INTO passengers VALUES ('PAX336', 'RM6ZPN', '6E1653', 'Ananya Iyer', '1992-11-04');
INSERT OR IGNORE INTO passengers VALUES ('PAX337', 'JTK71W', 'AI7178', 'Sushant Singh', '1988-03-18');
INSERT OR IGNORE INTO passengers VALUES ('PAX338', '28BKU1', 'UK8545', 'Aishwarya Rai', '1996-09-28');
INSERT OR IGNORE INTO passengers VALUES ('PAX339', 'BZ4AG7', 'I53011', 'Ananya Iyer', '1975-08-09');
INSERT OR IGNORE INTO passengers VALUES ('PAX340', 'PRMIY0', 'UK7183', 'Kartik Aaryan', '2002-05-17');
INSERT OR IGNORE INTO passengers VALUES ('PAX341', 'SX94F8', 'AI5592', 'Ayushmann Khurrana', '1999-12-02');
INSERT OR IGNORE INTO passengers VALUES ('PAX342', 'IJTJZX', '6E3014', 'Rohit Sharma', '2007-07-22');
INSERT OR IGNORE INTO passengers VALUES ('PAX343', 'JTK71W', 'SG3357', 'Arjun Gupta', '2000-12-13');
INSERT OR IGNORE INTO passengers VALUES ('PAX344', 'HZ0RJG', 'SG3227', 'Vikram Rathore', '2007-10-24');
INSERT OR IGNORE INTO passengers VALUES ('PAX345', 'PHQJ5G', 'SG9432', 'Jasprit Bumrah', '1972-07-07');
INSERT OR IGNORE INTO passengers VALUES ('PAX346', 'WUYBS1', '6E4436', 'Hardik Pandya', '2008-12-25');
INSERT OR IGNORE INTO passengers VALUES ('PAX347', 'NTTHZO', 'QP3382', 'Alia Bhatt', '1972-04-01');
INSERT OR IGNORE INTO passengers VALUES ('PAX348', 'R51B8P', 'UK7340', 'Pooja Hegde', '1977-09-23');
INSERT OR IGNORE INTO passengers VALUES ('PAX349', 'A1225S', 'QP7876', 'Rajkummar Rao', '1974-11-11');
INSERT OR IGNORE INTO passengers VALUES ('PAX350', 'UGGN60', 'AI5078', 'Deepika Padukone', '1992-05-20');
INSERT OR IGNORE INTO passengers VALUES ('PAX351', 'GOEI6J', 'I51787', 'Jasprit Bumrah', '2000-12-03');
INSERT OR IGNORE INTO passengers VALUES ('PAX352', '4LAB2L', 'SG6623', 'Neha Kapoor', '1987-12-09');
INSERT OR IGNORE INTO passengers VALUES ('PAX353', 'BCLURW', 'AI3717', 'Sneha Pillai', '1990-12-15');
INSERT OR IGNORE INTO passengers VALUES ('PAX354', 'C118PB', 'UK7183', 'Aishwarya Rai', '2009-01-09');
INSERT OR IGNORE INTO passengers VALUES ('PAX355', '52ELH1', 'UK5098', 'Hardik Pandya', '1994-08-14');
INSERT OR IGNORE INTO passengers VALUES ('PAX356', 'BZ4AG7', 'AI3529', 'Siddharth Malhotra', '2007-02-24');
INSERT OR IGNORE INTO passengers VALUES ('PAX357', 'WUYBS1', 'I51231', 'Rohit Sharma', '2000-10-26');
INSERT OR IGNORE INTO passengers VALUES ('PAX358', 'WUYBS1', 'I51787', 'Ananya Iyer', '1994-01-24');
INSERT OR IGNORE INTO passengers VALUES ('PAX359', 'BCLURW', '6E7327', 'Ananya Iyer', '1972-07-09');
INSERT OR IGNORE INTO passengers VALUES ('PAX360', 'ACC6S7', 'AI5027', 'Amitabh Singh', '2003-04-20');
INSERT OR IGNORE INTO passengers VALUES ('PAX361', 'YNMGL0', 'SG9164', 'Jasprit Bumrah', '1985-02-13');
INSERT OR IGNORE INTO passengers VALUES ('PAX362', 'M8SY3K', 'AI2780', 'Sushant Singh', '2007-10-21');
INSERT OR IGNORE INTO passengers VALUES ('PAX363', 'PD5YEG', 'QP3382', 'Ananya Iyer', '1984-04-20');
INSERT OR IGNORE INTO passengers VALUES ('PAX364', 'VYVY8B', 'UK3475', 'Katrina Kaif', '1995-10-14');
INSERT OR IGNORE INTO passengers VALUES ('PAX365', '1P6Y66', '6E1653', 'Ratan Tata', '1984-10-04');
INSERT OR IGNORE INTO passengers VALUES ('PAX366', '8OTIMK', 'AI5080', 'Katrina Kaif', '1974-01-22');
INSERT OR IGNORE INTO passengers VALUES ('PAX367', 'GLW1LI', '6E1072', 'Kiara Advani', '2005-07-16');
INSERT OR IGNORE INTO passengers VALUES ('PAX368', 'PHQJ5G', 'QP7876', 'Katrina Kaif', '1999-04-04');
INSERT OR IGNORE INTO passengers VALUES ('PAX369', 'RI900O', 'I53083', 'Manish Joshi', '1974-04-15');
INSERT OR IGNORE INTO passengers VALUES ('PAX370', '4LAB2L', 'QP8853', 'Siddharth Malhotra', '1986-08-24');
INSERT OR IGNORE INTO passengers VALUES ('PAX371', 'HHHT1C', 'UK2338', 'Kartik Aaryan', '1987-03-12');
INSERT OR IGNORE INTO passengers VALUES ('PAX372', '63RNC4', 'UK2338', 'KL Rahul', '1998-09-12');
INSERT OR IGNORE INTO passengers VALUES ('PAX373', 'ACC6S7', 'UK7252', 'Sunita Williams', '1986-12-01');
INSERT OR IGNORE INTO passengers VALUES ('PAX374', 'SBR5WD', 'I51787', 'Ganesh Kulkarni', '1984-02-26');
INSERT OR IGNORE INTO passengers VALUES ('PAX375', 'VYVY8B', 'SG1758', 'Hardik Pandya', '1984-08-26');
INSERT OR IGNORE INTO passengers VALUES ('PAX376', 'IV2MUW', 'QP3062', 'Alia Bhatt', '1974-09-27');
INSERT OR IGNORE INTO passengers VALUES ('PAX377', '8RJMX6', 'UK7183', 'Sneha Pillai', '1977-04-05');
INSERT OR IGNORE INTO passengers VALUES ('PAX378', 'QTS62G', 'AI3529', 'Aditi Rao', '2003-07-03');
INSERT OR IGNORE INTO passengers VALUES ('PAX379', '9SOAY3', 'UK7340', 'Siddharth Malhotra', '1983-12-27');
INSERT OR IGNORE INTO passengers VALUES ('PAX380', 'KC2F3H', 'AI5027', 'Hritik Roshan', '1980-12-26');
INSERT OR IGNORE INTO passengers VALUES ('PAX381', 'BIOXGQ', 'SG5210', 'Salman Khan', '1977-09-21');
INSERT OR IGNORE INTO passengers VALUES ('PAX382', 'ACC6S7', 'AI5027', 'Ananya Iyer', '1998-10-12');
INSERT OR IGNORE INTO passengers VALUES ('PAX383', 'JTK71W', 'AI7178', 'Divya Nair', '1990-05-03');
INSERT OR IGNORE INTO passengers VALUES ('PAX384', '9SOAY3', 'I51787', 'Manish Joshi', '2009-03-24');
INSERT OR IGNORE INTO passengers VALUES ('PAX385', '4IXV6Y', 'QP3382', 'Neha Kapoor', '1995-01-14');
INSERT OR IGNORE INTO passengers VALUES ('PAX386', 'O1FTC2', '6E3823', 'Bhavna Patel', '2009-01-06');
INSERT OR IGNORE INTO passengers VALUES ('PAX387', 'I34CJ5', '6E9972', 'Deepika Padukone', '2010-04-01');
INSERT OR IGNORE INTO passengers VALUES ('PAX388', '1GHKTA', 'AI2246', 'Neha Kapoor', '2002-02-05');
INSERT OR IGNORE INTO passengers VALUES ('PAX389', '4IXV6Y', 'UK2338', 'Pavan Palve', '1989-04-04');
INSERT OR IGNORE INTO passengers VALUES ('PAX390', 'PRMIY0', 'SG5210', 'Jasprit Bumrah', '1998-06-22');